15781538657978244211.png,294.9285714,1206.071429,344.6428571,1024.357143,498.9285714,942.9285714,306.0714286,1146.071429,388.3571429,1043.214286,300.9285714,1198.357143,514.3571429,1190.642857,593.2142857,1275.5,708.0714286,1264.357143
15782152706662640254.png,292.3571429,992.6428571,371.2142857,831.5,586.3571429,776.6428571,87.5,615.5,93.5,607.7857143,102.9285714,599.2142857,65.21428571,595.7857143,72.92857143,583.7857143,79.78571429,577.7857143
15784462302588815819.png,573.5,1226.642857,507.5,1338.928571,385.7857143,1410.071429,112.3571429,656.6428571,135.5,645.5,139.7857143,634.3571429,91.78571429,623.2142857,97.78571429,611.2142857,103.7857143,597.5
15787423524182712866.png,307.7857143,1014.071429,416.6428571,837.5,587.2142857,795.5,629.2142857,1043.214286,592.3571429,966.9285714,500.6428571,929.2142857,619.7857143,1062.071429,655.7857143,1165.785714,734.6428571,1204.357143
15788792866646317196.png,429.5,1050.071429,536.6428571,862.3571429,755.2142857,832.3571429,96.92857143,526.3571429,103.7857143,520.3571429,114.0714286,510.9285714,43.78571429,515.2142857,51.5,508.3571429,56.64285714,498.9285714
15794606690963729098.png,282.9285714,979.7857143,369.5,815.2142857,574.3571429,754.3571429,54.92857143,515.2142857,63.5,515.2142857,69.5,510.9285714,42.07142857,570.9285714,48.92857143,564.9285714,58.35714286,558.9285714
15801936983394229361.png,292.3571429,1110.071429,354.0714286,955.7857143,520.3571429,880.3571429,183.5,676.3571429,199.7857143,666.0714286,203.2142857,657.5,173.2142857,651.5,172.3571429,642.0714286,172.3571429,634.3571429
15808721099111695269.png,352.3571429,1011.5,432.9285714,838.3571429,651.5,773.2142857,595.7857143,1006.357143,508.3571429,930.0714286,400.3571429,1006.357143,827.2142857,1030.357143,769.7857143,1151.214286,655.7857143,1130.642857
15811454695631214194.png,234.9285714,990.0714286,330.0714286,811.7857143,499.7857143,761.2142857,96.92857143,604.3571429,103.7857143,591.5,108.0714286,579.5,60.07142857,589.7857143,59.21428571,576.0714286,60.07142857,564.0714286
15813877756913405290.png,349.7857143,1038.928571,432.0714286,859.7857143,652.3571429,794.6428571,102.9285714,594.0714286,107.2142857,586.3571429,116.6428571,577.7857143,81.5,576.0714286,88.35714286,567.5,96.92857143,559.7857143
15814347719790658138.png,339.5,1068.071429,378.9285714,967.7857143,491.2142857,888.0714286,295.7857143,651.5,306.0714286,642.9285714,308.6428571,635.2142857,234.0714286,626.6428571,238.3571429,618.0714286,237.5,609.5
1581747532190975374.png,374.6428571,979.7857143,446.6428571,830.6428571,659.2142857,766.3571429,603.5,1003.785714,558.0714286,937.7857143,440.6428571,948.0714286,622.3571429,1052.642857,678.0714286,1170.071429,830.6428571,1109.214286
15820539932036691884.png,325.7857143,952.3571429,464.6428571,776.6428571,651.5,755.2142857,106.3571429,594.0714286,111.5,570.0714286,60.92857143,547.7857143,119.2142857,537.5,138.0714286,532.3571429,144.9285714,530.6428571
15827854624357104909.png,392.6428571,1033.785714,465.5,852.0714286,714.9285714,795.5,474.9285714,1029.5,585.5,960.9285714,696.0714286,1019.214286,695.2142857,1067.214286,708.0714286,1165.785714,780.0714286,1243.785714
15827995443738649227.png,348.0714286,1137.5,402.9285714,967.7857143,577.7857143,892.3571429,203.2142857,679.7857143,229.7857143,664.3571429,241.7857143,654.0714286,180.9285714,645.5,192.0714286,638.6428571,198.9285714,629.2142857
15828171612406044287.png,756.0714286,1140.928571,683.2142857,1260.928571,571.7857143,1317.5,73.78571429,683.2142857,80.64285714,675.5,83.21428571,672.9285714,73.78571429,647.2142857,74.64285714,642.0714286,81.5,631.7857143
15828628591846379159.png,342.9285714,1059.5,461.2142857,883.7857143,600.0714286,858.0714286,168.9285714,726.0714286,168.9285714,722.6428571,168.9285714,712.3571429,144.9285714,693.5,144.0714286,686.6428571,144.0714286,676.3571429
15829475874429275589.png,354.9285714,1062.928571,457.7857143,900.0714286,648.9285714,857.2142857,475.7857143,1077.5,468.9285714,995.2142857,422.6428571,937.7857143,489.5,1111.785714,594.0714286,1193.214286,698.6428571,1121.214286
15829485554743798569.png,183.5,1048.357143,263.2142857,891.5,437.2142857,811.7857143,126.0714286,594.0714286,161.2142857,581.2142857,173.2142857,567.5,105.5,564.0714286,120.0714286,554.6428571,135.5,546.0714286
15830046968563287301.png,362.6428571,1136.642857,439.7857143,946.3571429,624.0714286,888.9285714,421.7857143,1130.642857,492.9285714,990.0714286,630.9285714,1020.928571,642.9285714,1130.642857,720.9285714,1214.642857,805.7857143,1204.357143
15838354331448982927.png,762.9285714,993.5,691.7857143,1166.642857,496.3571429,1245.5,499.7857143,970.3571429,480.0714286,899.2142857,442.3571429,862.3571429,738.0714286,1007.214286,690.0714286,1109.214286,534.0714286,1120.357143
15838816888833387160.png,256.3571429,1049.214286,333.5,884.6428571,441.5,835.7857143,462.0714286,1047.5,411.5,960.0714286,327.5,939.5,435.5,1068.928571,525.5,1179.5,645.5,1134.071429
15839471472038160686.png,749.2142857,1162.357143,648.9285714,1280.642857,503.2142857,1314.928571,528.0714286,1039.785714,431.2142857,973.7857143,340.3571429,1020.928571,558.0714286,1062.928571,567.5,1175.214286,674.6428571,1226.642857
15839799693544013507.png,346.3571429,1019.214286,457.7857143,868.3571429,598.3571429,838.3571429,407.2142857,1028.642857,498.0714286,918.0714286,586.3571429,1020.071429,624.9285714,1083.5,691.7857143,1145.214286,768.9285714,1117.785714
15843888433968376421.png,353.2142857,1110.928571,446.6428571,935.2142857,624.9285714,895.7857143,120.0714286,596.6428571,140.6428571,594.0714286,149.2142857,585.5,72.92857143,564.9285714,94.35714286,552.9285714,105.5,547.7857143
15846878855910262256.png,292.3571429,1205.214286,368.6428571,1000.357143,528.0714286,939.5,189.5,676.3571429,196.3571429,665.2142857,198.9285714,654.0714286,159.5,631.7857143,163.7857143,619.7857143,169.7857143,612.9285714
15860410951452300899.png,283.7857143,975.5,390.9285714,798.0714286,620.6428571,765.5,172.3571429,557.2142857,191.2142857,539.2142857,208.3571429,527.2142857,99.5,532.3571429,132.9285714,519.5,150.9285714,512.6428571
1586292584778493577.png,304.3571429,1002.928571,405.5,816.0714286,608.6428571,769.7857143,406.3571429,1006.357143,498.0714286,913.7857143,580.3571429,991.7857143,641.2142857,1037.214286,706.3571429,1100.642857,792.0714286,1062.928571
15868755325070860186.png,172.3571429,1081.785714,252.9285714,912.0714286,429.5,850.3571429,129.5,609.5,139.7857143,595.7857143,144.9285714,590.6428571,93.5,575.2142857,106.3571429,568.3571429,112.3571429,561.5
15871432112426688124.png,133.7857143,1134.928571,213.5,979.7857143,378.9285714,924.0714286,215.2142857,708.0714286,220.3571429,699.5,228.0714286,691.7857143,142.3571429,672.9285714,146.6428571,663.5,150.9285714,651.5
15872893484450684192.png,233.2142857,1155.5,315.5,1000.357143,496.3571429,933.5,112.3571429,564.9285714,116.6428571,556.3571429,124.3571429,549.5,81.5,523.7857143,88.35714286,516.9285714,97.78571429,515.2142857
15881604156705380310.png,246.0714286,1145.214286,337.7857143,978.9285714,484.3571429,927.5,112.3571429,585.5,119.2142857,582.0714286,125.2142857,576.0714286,93.5,569.2142857,111.5,558.0714286,129.5,546.0714286
15882804365367868591.png,320.6428571,985.7857143,432.0714286,792.0714286,666.9285714,774.0714286,381.5,992.6428571,459.5,954.0714286,546.9285714,1002.071429,593.2142857,1020.071429,599.2142857,1130.642857,707.2142857,1183.785714
15884454413022161871.png,245.2142857,1132.357143,357.5,960.0714286,486.0714286,919.7857143,283.7857143,1144.357143,382.3571429,1081.785714,481.7857143,1155.5,498.9285714,1188.071429,567.5,1324.357143,679.7857143,1305.5
15900269289047196472.png,249.5,1021.785714,363.5,835.7857143,572.6428571,806.6428571,78.92857143,582.0714286,113.2142857,576.0714286,137.2142857,567.5,81.5,541.7857143,95.21428571,536.6428571,124.3571429,524.6428571
15906459084648311713.png,435.5,970.3571429,520.3571429,812.6428571,686.6428571,766.3571429,534.9285714,975.5,636.0714286,900.0714286,733.7857143,969.5,741.5,1008.928571,762.0714286,1096.357143,818.6428571,1146.071429
15909923919101934984.png,114.0714286,1001.214286,189.5,868.3571429,411.5,819.5,61.78571429,494.6428571,84.92857143,506.6428571,113.2142857,493.7857143,66.92857143,550.3571429,81.5,546.0714286,96.07142857,540.9285714
15910545859165214996.png,397.7857143,1008.928571,552.9285714,805.7857143,741.5,809.2142857,38.64285714,516.0714286,44.64285714,504.9285714,48.92857143,499.7857143,21.5,489.5,32.64285714,480.9285714,41.21428571,474.9285714
15914644352544156368.png,336.0714286,1141.785714,389.2142857,968.6428571,602.6428571,879.5,418.3571429,1135.785714,485.2142857,1051.785714,597.5,1102.357143,639.5,1133.214286,719.2142857,1216.357143,796.3571429,1199.214286
15928050174311263767.png,312.9285714,1119.5,373.7857143,954.9285714,564.9285714,878.6428571,213.5,613.7857143,224.6428571,602.6428571,234.0714286,595.7857143,173.2142857,603.5,180.9285714,582.0714286,186.9285714,564.9285714
15928242115258697109.png,393.5,1048.357143,501.5,857.2142857,731.2142857,826.3571429,41.21428571,552.9285714,49.78571429,535.7857143,57.5,526.3571429,45.5,502.3571429,51.5,497.2142857,63.5,489.5
15928903582513850879.png,283.7857143,898.3571429,457.7857143,681.5,650.6428571,708.0714286,59.21428571,622.3571429,69.5,612.0714286,82.35714286,600.0714286,37.78571429,576.0714286,52.35714286,569.2142857,90.07142857,552.0714286
15932008831970678834.png,328.3571429,955.7857143,450.9285714,780.9285714,702.0714286,780.0714286,103.7857143,564.9285714,134.6428571,549.5,144.9285714,544.3571429,88.35714286,542.6428571,107.2142857,534.9285714,126.9285714,526.3571429
15940064957732696035.png,268.3571429,980.6428571,384.0714286,795.5,600.0714286,764.6428571,342.9285714,988.3571429,473.2142857,906.9285714,591.5,1003.785714,563.2142857,1035.5,594.0714286,1161.5,681.5,1206.928571
15946041261489563802.png,245.2142857,971.2142857,390.9285714,766.3571429,523.7857143,741.5,507.5,983.2142857,458.6428571,882.0714286,383.2142857,853.7857143,468.9285714,1002.071429,546.0714286,1146.071429,686.6428571,1125.5
15946507388100255215.png,311.2142857,994.3571429,449.2142857,794.6428571,624.9285714,774.9285714,34.35714286,542.6428571,60.92857143,536.6428571,69.5,527.2142857,53.21428571,580.3571429,85.78571429,578.6428571,94.35714286,564.0714286
15948290410324189625.png,322.3571429,919.7857143,487.7857143,732.0714286,721.7857143,774.9285714,122.6428571,581.2142857,160.3571429,564.9285714,179.2142857,553.7857143,127.7857143,554.6428571,150.0714286,542.6428571,164.6428571,537.5
15960786769821476704.png,288.9285714,984.0714286,380.6428571,811.7857143,608.6428571,766.3571429,542.6428571,997.7857143,500.6428571,871.7857143,386.6428571,853.7857143,534.0714286,1030.357143,624.0714286,1125.5,750.0714286,1055.214286
15961302710435900494.png,339.5,1153.785714,420.9285714,970.3571429,594.9285714,916.3571429,212.6428571,641.2142857,234.0714286,628.3571429,249.5,615.5,188.6428571,607.7857143,204.0714286,597.5,213.5,588.9285714
15965759587243460033.png,317.2142857,994.3571429,414.0714286,804.9285714,643.7857143,770.6428571,370.3571429,989.2142857,449.2142857,920.6428571,546.0714286,991.7857143,593.2142857,1038.071429,674.6428571,1115.214286,756.9285714,1070.642857
15966591183477964125.png,354.0714286,1116.071429,445.7857143,929.2142857,649.7857143,888.9285714,577.7857143,1113.5,533.2142857,1011.5,432.9285714,980.6428571,792.0714286,1132.357143,741.5,1220.642857,661.7857143,1245.5
15974097325493880405.png,338.6428571,1086.928571,390.9285714,926.6428571,609.5,848.6428571,395.2142857,1082.642857,483.5,984.0714286,576.0714286,1023.5,604.3571429,1094.642857,660.0714286,1184.642857,768.9285714,1180.357143
15975641362409751792.png,300.0714286,1032.071429,412.3571429,838.3571429,634.3571429,812.6428571,540.9285714,1047.5,521.2142857,919.7857143,456.0714286,841.7857143,498.9285714,1201.785714,659.2142857,1218.071429,761.2142857,1082.642857
15977593186634958395.png,357.5,1014.928571,457.7857143,831.5,651.5,781.7857143,159.5,684.0714286,183.5,676.3571429,204.0714286,665.2142857,135.5,648.0714286,159.5,638.6428571,172.3571429,622.3571429
1597843805405410402.png,194.6428571,1002.928571,326.6428571,846.0714286,552.0714286,864.9285714,99.5,565.7857143,114.9285714,564.0714286,133.7857143,554.6428571,88.35714286,533.2142857,100.3571429,532.3571429,119.2142857,522.9285714
15982051462250485855.png,173.2142857,1080.071429,288.9285714,877.7857143,454.3571429,845.2142857,225.5,1065.5,304.3571429,988.3571429,438.9285714,1065.5,443.2142857,1110.071429,476.6428571,1194.071429,583.7857143,1230.928571
15982651234653509623.png,329.2142857,956.6428571,513.5,742.3571429,747.5,799.7857143,546.9285714,972.9285714,549.5,905.2142857,480.0714286,817.7857143,550.3571429,988.3571429,630.9285714,1078.357143,770.6428571,1016.642857
15985454525895938213.png,296.6428571,1128.071429,402.0714286,969.5,594.9285714,933.5,113.2142857,637.7857143,116.6428571,631.7857143,129.5,627.5,101.2142857,602.6428571,114.0714286,595.7857143,126.0714286,589.7857143
15986549517834131878.png,368.6428571,995.2142857,481.7857143,807.5,732.0714286,783.5,600.0714286,1018.357143,523.7857143,917.2142857,422.6428571,930.0714286,595.7857143,1039.785714,679.7857143,1188.071429,834.0714286,1080.928571
15989835180179521954.png,323.2142857,1111.785714,396.9285714,938.6428571,593.2142857,881.2142857,542.6428571,1098.071429,442.3571429,1044.071429,350.6428571,1105.785714,546.0714286,1134.071429,563.2142857,1217.214286,630.0714286,1268.642857
15996680714865037653.png,369.5,976.3571429,464.6428571,821.2142857,705.5,789.5,546.0714286,1018.357143,490.3571429,954.9285714,402.9285714,966.0714286,594.9285714,1038.071429,618.9285714,1140.071429,757.7857143,1125.5
15999084595082005175.png,407.2142857,1142.642857,492.9285714,985.7857143,634.3571429,938.6428571,197.2142857,649.7857143,213.5,625.7857143,221.2142857,608.6428571,132.9285714,600.9285714,145.7857143,574.3571429,155.2142857,569.2142857
16008794734526757380.png,329.2142857,959.2142857,446.6428571,785.2142857,664.3571429,763.7857143,102.0714286,621.5,113.2142857,607.7857143,127.7857143,590.6428571,87.5,605.2142857,102.0714286,592.3571429,110.6428571,578.6428571
16008870626009480663.png,440.6428571,1023.5,510.0714286,860.6428571,728.6428571,786.9285714,48.07142857,499.7857143,52.35714286,499.7857143,59.21428571,499.7857143,37.78571429,547.7857143,47.21428571,540.0714286,57.5,532.3571429
16009347979191537998.png,288.9285714,999.5,354.9285714,825.5,558.9285714,749.2142857,358.3571429,997.7857143,478.3571429,877.7857143,624.0714286,989.2142857,585.5,1008.928571,614.6428571,1108.357143,719.2142857,1166.642857
16009392035064505979.png,438.0714286,997.7857143,503.2142857,834.9285714,742.3571429,769.7857143,72.92857143,518.6428571,77.21428571,513.5,84.92857143,504.9285714,69.5,570.0714286,85.78571429,558.9285714,93.5,540.9285714
16010675814587288635.png,298.3571429,1128.928571,376.3571429,932.6428571,550.3571429,878.6428571,333.5,998.6428571,397.7857143,1012.357143,448.3571429,1098.928571,179.2142857,595.7857143,191.2142857,590.6428571,203.2142857,579.5
16018143871440787966.png,169.7857143,960.9285714,309.5,756.0714286,496.3571429,744.0714286,108.9285714,588.0714286,117.5,581.2142857,128.6428571,573.5,86.64285714,552.0714286,102.9285714,538.3571429,120.9285714,528.9285714
16023677797289066650.png,251.2142857,987.5,389.2142857,797.2142857,612.0714286,792.0714286,455.2142857,1009.785714,399.5,930.9285714,298.3571429,945.5,487.7857143,1037.214286,552.9285714,1153.785714,680.6428571,1093.785714
16026666149860789657.png,305.2142857,1051.785714,435.5,877.7857143,624.9285714,870.9285714,359.2142857,1056.928571,504.9285714,923.2142857,609.5,977.2142857,568.3571429,1101.5,598.3571429,1207.785714,684.9285714,1264.357143
16029587287672792321.png,294.0714286,991.7857143,375.5,827.2142857,598.3571429,778.3571429,397.7857143,1000.357143,493.7857143,913.7857143,600.0714286,990.9285714,118.3571429,558.0714286,132.0714286,550.3571429,168.0714286,531.5
16029880503350670126.png,439.7857143,1025.214286,537.5,836.6428571,759.5,796.3571429,75.5,482.6428571,87.5,480.0714286,102.9285714,478.3571429,69.5,515.2142857,82.35714286,512.6428571,100.3571429,501.5
16033151245318677797.png,305.2142857,1203.5,332.6428571,1068.071429,438.0714286,973.7857143,357.5,1189.785714,389.2142857,1088.642857,522.0714286,1094.642857,582.0714286,1197.5,664.3571429,1241.214286,747.5,1175.214286
16034211200524453692.png,405.5,1066.357143,472.3571429,901.7857143,711.5,833.2142857,92.64285714,534.9285714,102.9285714,517.7857143,107.2142857,503.2142857,23.21428571,504.0714286,29.21428571,489.5,41.21428571,481.7857143
16034642771250065044.png,336.9285714,1139.214286,397.7857143,958.3571429,588.9285714,876.0714286,291.5,582.9285714,276.9285714,575.2142857,263.2142857,550.3571429,228.9285714,564.0714286,228.9285714,571.7857143,228.9285714,599.2142857
16034950790111570629.png,125.2142857,1132.357143,209.2142857,980.6428571,384.9285714,926.6428571,107.2142857,608.6428571,116.6428571,602.6428571,129.5,594.0714286,49.78571429,584.6428571,63.5,575.2142857,74.64285714,564.0714286
16036626501107421495.png,391.7857143,1032.928571,489.5,842.6428571,707.2142857,795.5,483.5,1031.214286,589.7857143,958.3571429,695.2142857,1035.5,710.6428571,1063.785714,741.5,1172.642857,826.3571429,1214.642857
16038049323367375975.png,353.2142857,1170.071429,392.6428571,1002.928571,587.2142857,909.5,83.21428571,594.9285714,96.92857143,590.6428571,105.5,589.7857143,72.92857143,566.6428571,81.5,565.7857143,93.5,560.6428571
16042475774574418191.png,408.0714286,950.6428571,494.6428571,774.0714286,697.7857143,723.5,513.5,944.6428571,609.5,854.6428571,726.9285714,942.0714286,727.7857143,963.5,763.7857143,1042.357143,828.9285714,1073.214286
16043555031402177656.png,345.5,957.5,443.2142857,783.5,636.0714286,739.7857143,126.9285714,570.9285714,136.3571429,569.2142857,170.6428571,590.6428571,113.2142857,562.3571429,126.0714286,552.0714286,142.3571429,539.2142857
16044269601946775698.png,306.0714286,1053.5,419.2142857,893.2142857,605.2142857,868.3571429,388.3571429,1060.357143,456.9285714,1003.785714,521.2142857,1080.071429,588.0714286,1110.071429,648.0714286,1169.214286,720.0714286,1131.5
16044424361022337984.png,295.7857143,1205.214286,338.6428571,1038.071429,492.9285714,945.5,216.0714286,689.2142857,224.6428571,680.6428571,232.3571429,672.9285714,166.3571429,656.6428571,171.5,651.5,182.6428571,642.9285714
16047594804796266530.png,349.7857143,1038.928571,449.2142857,846.0714286,654.0714286,797.2142857,113.2142857,589.7857143,136.3571429,582.9285714,144.9285714,576.0714286,88.35714286,543.5,99.5,543.5,118.3571429,535.7857143
16047719930297122867.png,234.9285714,1158.928571,306.0714286,1007.214286,456.9285714,934.3571429,133.7857143,562.3571429,164.6428571,547.7857143,186.0714286,534.9285714,113.2142857,532.3571429,123.5,528.0714286,144.0714286,521.2142857
16048458122636964533.png,301.7857143,1032.928571,378.0714286,862.3571429,587.2142857,802.3571429,602.6428571,1053.5,570.9285714,910.3571429,486.0714286,839.2142857,464.6428571,1070.642857,564.9285714,1230.928571,714.9285714,1240.357143
16053546509278032652.png,772.3571429,1073.214286,705.5,1194.928571,582.9285714,1246.357143,158.6428571,590.6428571,178.3571429,582.9285714,190.3571429,573.5,123.5,556.3571429,139.7857143,549.5,155.2142857,543.5
16053582764745418869.png,304.3571429,1107.5,404.6428571,930.0714286,605.2142857,882.0714286,145.7857143,600.9285714,160.3571429,594.0714286,184.3571429,583.7857143,114.9285714,582.9285714,126.9285714,576.9285714,139.7857143,569.2142857
16055448638048850854.png,348.9285714,1118.642857,436.3571429,936.0714286,614.6428571,886.3571429,127.7857143,636.9285714,145.7857143,627.5,159.5,620.6428571,135.5,601.7857143,155.2142857,589.7857143,169.7857143,580.3571429
16059136604745079523.png,201.5,990.9285714,340.3571429,842.6428571,508.3571429,845.2142857,55.78571429,553.7857143,69.5,548.6428571,84.92857143,546.0714286,56.64285714,528.9285714,73.78571429,524.6428571,94.35714286,519.5
16060509031295812025.png,120.9285714,1073.214286,203.2142857,892.3571429,360.0714286,829.7857143,258.0714286,1067.214286,342.9285714,1010.642857,448.3571429,1067.214286,472.3571429,1086.928571,480.0714286,1178.642857,544.3571429,1239.5
16064817437763347814.png,342.9285714,1068.071429,402.9285714,887.2142857,600.0714286,817.7857143,375.5,1055.214286,446.6428571,964.3571429,536.6428571,1038.071429,593.2142857,1068.928571,674.6428571,1118.642857,744.0714286,1050.071429
16065539629599024187.png,323.2142857,908.6428571,478.3571429,725.2142857,705.5,755.2142857,348.0714286,912.9285714,465.5,837.5,592.3571429,930.9285714,564.0714286,983.2142857,600.0714286,1111.785714,700.3571429,1159.785714
16072206221560480490.png,373.7857143,972.9285714,479.2142857,806.6428571,726.9285714,786.0714286,606.9285714,1002.071429,540.0714286,927.5,438.9285714,945.5,620.6428571,1044.071429,676.3571429,1183.785714,840.0714286,1080.071429
16078353049316376562.png,300.0714286,1040.642857,407.2142857,830.6428571,768.0714286,729.5,137.2142857,580.3571429,167.2142857,560.6428571,178.3571429,542.6428571,125.2142857,540.9285714,135.5,533.2142857,160.3571429,513.5
16079648411231290628.png,762.9285714,1101.5,697.7857143,1261.785714,534.9285714,1332.928571,532.3571429,1076.642857,469.7857143,982.3571429,366.9285714,1002.928571,552.0714286,1119.5,647.2142857,1167.5,728.6428571,1094.642857
16079773471164683812.png,439.7857143,970.3571429,530.6428571,780.9285714,762.9285714,745.7857143,71.21428571,503.2142857,78.07142857,493.7857143,99.5,469.7857143,25.78571429,536.6428571,32.64285714,532.3571429,40.35714286,528.9285714
16082380060694972602.png,290.6428571,987.5,354.9285714,834.9285714,624.0714286,780.9285714,444.9285714,798.0714286,496.3571429,893.2142857,471.5,994.3571429,472.3571429,1020.928571,575.2142857,1075.785714,682.3571429,1027.785714
16082549611259374814.png,263.2142857,990.9285714,354.9285714,816.0714286,588.9285714,773.2142857,421.7857143,1004.642857,359.2142857,939.5,270.0714286,960.9285714,476.6428571,1025.214286,519.5,1141.785714,646.3571429,1096.357143
16089376218901091165.png,347.2142857,1151.214286,402.0714286,989.2142857,627.5,915.5,66.07142857,609.5,79.78571429,604.3571429,99.5,600.0714286,77.21428571,569.2142857,86.64285714,566.6428571,109.7857143,561.5
16099103866235092438.png,370.3571429,978.9285714,492.0714286,796.3571429,705.5,778.3571429,568.3571429,1004.642857,548.6428571,939.5,514.3571429,912.9285714,630.0714286,1038.071429,708.0714286,1109.214286,789.5,1059.5
16099271499047628477.png,316.3571429,989.2142857,424.3571429,803.2142857,597.5,758.6428571,105.5,626.6428571,105.5,606.0714286,111.5,586.3571429,62.64285714,610.3571429,62.64285714,594.9285714,70.35714286,580.3571429
16104092510914521235.png,317.2142857,858.9285714,417.5,672.0714286,576.0714286,636.0714286,50.64285714,489.5,58.35714286,483.5,61.78571429,477.5,22.35714286,480.9285714,25.78571429,475.7857143,30.92857143,471.5
16104521164662330224.png,315.5,961.7857143,451.7857143,769.7857143,607.7857143,747.5,334.3571429,946.3571429,422.6428571,871.7857143,505.7857143,908.6428571,114.0714286,604.3571429,120.9285714,593.2142857,121.7857143,582.9285714
16115669605779559226.png,282.0714286,896.6428571,362.6428571,737.2142857,513.5,676.3571429,73.78571429,567.5,72.07142857,553.7857143,75.5,543.5,101.2142857,552.0714286,101.2142857,541.7857143,104.6428571,524.6428571
16117001839248922466.png,425.2142857,807.5,504.9285714,637.7857143,614.6428571,585.5,55.78571429,507.5,73.78571429,503.2142857,81.5,500.6428571,42.07142857,492.0714286,48.07142857,486.9285714,64.35714286,480.0714286
16117377508224353224.png,356.6428571,1000.357143,467.2142857,807.5,600.9285714,764.6428571,415.7857143,996.0714286,479.2142857,858.0714286,618.0714286,899.2142857,650.6428571,1024.357143,708.9285714,1086.928571,817.7857143,1080.928571
16127024126341975353.png,291.5,960.0714286,441.5,780.0714286,594.0714286,768.0714286,17.21428571,567.5,19.78571429,559.7857143,25.78571429,547.7857143,36.92857143,558.9285714,45.5,549.5,47.21428571,537.5
16130717469890073055.png,349.7857143,1168.357143,398.6428571,991.7857143,504.9285714,919.7857143,143.2142857,645.5,149.2142857,631.7857143,149.2142857,623.2142857,78.07142857,610.3571429,81.5,592.3571429,84.07142857,581.2142857
16147476119549844830.png,373.7857143,1145.214286,422.6428571,984.9285714,562.3571429,906.0714286,451.7857143,1133.214286,540.0714286,1078.357143,636.0714286,1115.214286,645.5,1158.071429,667.7857143,1259.214286,735.5,1310.642857
16149172811155104594.png,296.6428571,992.6428571,412.3571429,805.7857143,589.7857143,768.9285714,71.21428571,543.5,75.5,534.0714286,84.92857143,523.7857143,50.64285714,522.9285714,57.5,510.9285714,65.21428571,504.0714286
1615022048694558978.png,275.2142857,1012.357143,382.3571429,818.6428571,564.0714286,768.0714286,375.5,1015.785714,481.7857143,924.0714286,607.7857143,1017.5,611.2142857,1044.928571,624.9285714,1137.5,707.2142857,1212.928571
1615326055225582225.png,307.7857143,918.9285714,443.2142857,719.2142857,639.5,705.5,389.2142857,923.2142857,449.2142857,846.0714286,542.6428571,894.0714286,618.0714286,961.7857143,675.5,1038.928571,763.7857143,1011.5
16154471278325641758.png,294.9285714,966.0714286,430.3571429,789.5,594.0714286,770.6428571,91.78571429,556.3571429,94.35714286,543.5,97.78571429,531.5,55.78571429,548.6428571,56.64285714,532.3571429,59.21428571,516.0714286
16160686939380589149.png,309.5,1017.5,410.6428571,841.7857143,552.0714286,797.2142857,381.5,1020.928571,508.3571429,890.6428571,630.0714286,1006.357143,616.3571429,1064.642857,667.7857143,1146.928571,767.2142857,1172.642857
16164112410753386011.png,411.5,987.5,502.3571429,834.0714286,693.5,791.2142857,29.21428571,511.7857143,51.5,504.9285714,66.92857143,495.5,18.07142857,487.7857143,34.35714286,486.9285714,52.35714286,481.7857143
16164343443947216549.png,309.5,1108.357143,366.0714286,945.5,479.2142857,875.2142857,-52.21428571,608.6428571,55.78571429,596.6428571,78.92857143,586.3571429,93.5,561.5,71.21428571,524.6428571,74.64285714,504.9285714
16164908553863952485.png,298.3571429,1125.5,372.0714286,939.5,495.5,882.0714286,175.7857143,634.3571429,179.2142857,627.5,183.5,612.9285714,146.6428571,607.7857143,150.0714286,591.5,151.7857143,573.5
16169807668002984073.png,209.2142857,1076.642857,300.0714286,907.7857143,471.5,856.3571429,130.3571429,582.9285714,133.7857143,574.3571429,138.0714286,560.6428571,116.6428571,550.3571429,117.5,535.7857143,121.7857143,524.6428571
16183184532610453186.png,423.5,1159.785714,526.3571429,951.5,668.6428571,913.7857143,455.2142857,1153.785714,542.6428571,1011.5,654.9285714,1050.928571,671.2142857,1162.357143,736.3571429,1235.214286,843.5,1238.642857
16184296194010919995.png,356.6428571,1057.785714,459.5,906.9285714,619.7857143,864.0714286,74.64285714,494.6428571,95.21428571,492.9285714,114.0714286,489.5,66.92857143,517.7857143,75.5,519.5,87.5,517.7857143
1618484841340905543.png,392.6428571,1026.928571,455.2142857,860.6428571,655.7857143,784.3571429,475.7857143,1026.071429,589.7857143,940.3571429,698.6428571,1003.785714,700.3571429,1048.357143,717.5,1157.214286,784.3571429,1222.357143
16186241238552264887.png,369.5,990.9285714,467.2142857,813.5,566.6428571,763.7857143,428.6428571,991.7857143,541.7857143,890.6428571,642.9285714,936.9285714,654.9285714,1018.357143,690.0714286,1113.5,726.0714286,1145.214286
16198207729200392932.png,397.7857143,961.7857143,522.9285714,793.7857143,661.7857143,763.7857143,57.5,467.2142857,60.92857143,467.2142857,70.35714286,467.2142857,24.92857143,492.0714286,30.07142857,494.6428571,37.78571429,495.5
16200915538585279417.png,336.9285714,896.6428571,415.7857143,734.6428571,589.7857143,674.6428571,105.5,512.6428571,109.7857143,509.2142857,116.6428571,502.3571429,90.92857143,497.2142857,97.78571429,487.7857143,112.3571429,480.9285714
16201245457876529850.png,348.9285714,1012.357143,445.7857143,828.9285714,628.3571429,773.2142857,392.6428571,1009.785714,494.6428571,928.3571429,579.5,973.7857143,616.3571429,1063.785714,713.2142857,1163.214286,828.9285714,1048.357143
16207575091782441874.png,120.9285714,1072.357143,205.7857143,897.5,387.5,834.9285714,274.3571429,1076.642857,307.7857143,1016.642857,356.6428571,987.5,564.9285714,1208.642857,517.7857143,1164.928571,500.6428571,1129.785714
16213916975424429741.png,373.7857143,873.5,443.2142857,720.9285714,640.3571429,665.2142857,175.7857143,517.7857143,181.7857143,510.0714286,189.5,500.6428571,133.7857143,500.6428571,144.9285714,492.0714286,155.2142857,486.0714286
16216972534362874296.png,251.2142857,993.5,306.0714286,845.2142857,476.6428571,759.5,137.2142857,619.7857143,142.3571429,611.2142857,149.2142857,601.7857143,119.2142857,592.3571429,133.7857143,580.3571429,146.6428571,571.7857143
1621817085625731144.png,201.5,1049.214286,276.0714286,900.9285714,444.9285714,842.6428571,258.0714286,1048.357143,362.6428571,978.0714286,441.5,1030.357143,462.9285714,1116.928571,537.5,1195.785714,618.9285714,1176.928571
16222577376904871088.png,291.5,997.7857143,330.0714286,850.3571429,402.9285714,786.0714286,167.2142857,523.7857143,181.7857143,511.7857143,196.3571429,494.6428571,714.9285714,972.0714286,677.2142857,1054.357143,610.3571429,1079.214286
16224509874223681805.png,282.0714286,890.6428571,394.3571429,711.5,540.0714286,674.6428571,53.21428571,540.0714286,60.07142857,528.0714286,67.78571429,516.0714286,42.92857143,498.0714286,56.64285714,492.0714286,72.92857143,488.6428571
16225044029628624194.png,760.3571429,1126.357143,687.5,1254.928571,568.3571429,1314.928571,59.21428571,610.3571429,64.35714286,598.3571429,67.78571429,588.9285714,49.78571429,553.7857143,57.5,544.3571429,65.21428571,534.0714286
16225306302009325037.png,340.3571429,1001.214286,438.0714286,811.7857143,649.7857143,762.9285714,569.2142857,994.3571429,526.3571429,894.9285714,422.6428571,875.2142857,584.6428571,1044.071429,694.3571429,1111.785714,787.7857143,1032.928571
16226567742609404317.png,285.5,978.0714286,402.9285714,790.3571429,572.6428571,760.3571429,106.3571429,567.5,110.6428571,559.7857143,150.9285714,547.7857143,81.5,523.7857143,73.78571429,510.9285714,68.64285714,500.6428571
16232512480495575570.png,125.2142857,1132.357143,199.7857143,984.9285714,371.2142857,924.9285714,54.07142857,533.2142857,78.92857143,533.2142857,87.5,532.3571429,44.64285714,506.6428571,52.35714286,507.5,63.5,502.3571429
16232972210738409192.png,229.7857143,922.3571429,323.2142857,751.7857143,496.3571429,695.2142857,292.3571429,923.2142857,384.9285714,842.6428571,477.5,938.6428571,522.9285714,981.5,593.2142857,1061.214286,678.0714286,1032.928571
16237420998428298331.png,763.7857143,1105.785714,691.7857143,1196.642857,579.5,1241.214286,579.5,999.5,568.3571429,906.9285714,488.6428571,858.9285714,596.6428571,1031.214286,670.3571429,1088.642857,766.3571429,1056.071429
16237852553188353045.png,342.0714286,1023.5,414.0714286,858.9285714,612.0714286,770.6428571,417.5,1022.642857,518.6428571,928.3571429,667.7857143,1006.357143,651.5,1086.071429,677.2142857,1174.357143,772.3571429,1232.642857
16238929152764390131.png,292.3571429,970.3571429,413.2142857,798.0714286,607.7857143,774.9285714,79.78571429,535.7857143,85.78571429,526.3571429,96.92857143,516.9285714,92.64285714,554.6428571,135.5,543.5,174.9285714,524.6428571
16244618623707200990.png,330.0714286,1007.214286,433.7857143,819.5,606.9285714,771.5,117.5,590.6428571,118.3571429,587.2142857,84.92857143,558.0714286,72.92857143,525.5,73.78571429,516.9285714,73.78571429,505.7857143
16245935057511367018.png,365.2142857,996.9285714,499.7857143,798.0714286,665.2142857,769.7857143,592.3571429,1015.785714,563.2142857,941.2142857,485.2142857,904.3571429,592.3571429,1051.785714,641.2142857,1157.214286,786.9285714,1148.642857
16245948814043783993.png,293.2142857,964.3571429,420.9285714,795.5,607.7857143,774.9285714,75.5,576.0714286,81.5,568.3571429,95.21428571,558.0714286,60.07142857,542.6428571,72.07142857,525.5,88.35714286,517.7857143
16247003315541022662.png,154.3571429,960.0714286,251.2142857,786.9285714,439.7857143,734.6428571,90.92857143,495.5,103.7857143,482.6428571,111.5,480.9285714,68.64285714,533.2142857,77.21428571,534.9285714,84.92857143,534.9285714
16247357876128370163.png,372.0714286,994.3571429,475.7857143,810.9285714,667.7857143,768.0714286,141.5,552.9285714,147.5,540.9285714,148.3571429,528.0714286,102.0714286,535.7857143,102.9285714,518.6428571,106.3571429,505.7857143
16248246788715050482.png,297.5,993.5,418.3571429,801.5,586.3571429,768.0714286,72.07142857,554.6428571,78.07142857,541.7857143,84.07142857,530.6428571,48.07142857,516.0714286,58.35714286,507.5,64.35714286,500.6428571
16252241584294085191.png,350.6428571,1009.785714,432.9285714,830.6428571,606.0714286,770.6428571,356.6428571,989.2142857,415.7857143,977.2142857,464.6428571,1012.357143,559.7857143,1034.642857,592.3571429,1128.071429,703.7857143,1075.785714
16263882076794738517.png,277.7857143,1010.642857,376.3571429,825.5,534.0714286,769.7857143,375.5,1018.357143,479.2142857,923.2142857,577.7857143,972.0714286,607.7857143,1050.928571,635.2142857,1158.928571,714.0714286,1212.928571
16270468672752540976.png,187.7857143,1050.928571,250.3571429,906.0714286,438.9285714,814.3571429,98.64285714,608.6428571,108.9285714,571.7857143,114.0714286,557.2142857,42.07142857,547.7857143,42.07142857,529.7857143,46.35714286,516.9285714
16270565817937218573.png,287.2142857,1008.071429,379.7857143,816.9285714,572.6428571,763.7857143,10.35714286,572.6428571,38.64285714,568.3571429,56.64285714,558.0714286,36.07142857,540.9285714,36.92857143,536.6428571,41.21428571,526.3571429
16271172966016801815.png,237.5,1173.5,303.5,1015.785714,473.2142857,947.2142857,136.3571429,612.0714286,134.6428571,596.6428571,138.0714286,582.9285714,78.92857143,571.7857143,81.5,562.3571429,84.07142857,551.2142857
16272799831001175625.png,246.0714286,982.3571429,406.3571429,792.0714286,592.3571429,792.9285714,286.3571429,988.3571429,413.2142857,902.6428571,508.3571429,996.9285714,503.2142857,1049.214286,568.3571429,1164.928571,672.9285714,1170.071429
16274686598080121456.png,344.6428571,1124.642857,408.9285714,951.5,598.3571429,881.2142857,565.7857143,1109.214286,530.6428571,1045.785714,495.5,1027.785714,610.3571429,1130.642857,691.7857143,1181.214286,762.9285714,1139.214286
16278757347210931798.png,238.3571429,1171.785714,313.7857143,1008.928571,469.7857143,948.9285714,144.0714286,610.3571429,156.9285714,602.6428571,169.7857143,588.9285714,107.2142857,576.0714286,115.7857143,568.3571429,122.6428571,560.6428571
16282390369058118226.png,326.6428571,879.5,476.6428571,717.5,650.6428571,719.2142857,592.3571429,946.3571429,548.6428571,853.7857143,365.2142857,861.5,555.5,986.6428571,601.7857143,1099.785714,724.3571429,1134.928571
16285227156615611383.png,429.5,1043.214286,519.5,870.9285714,668.6428571,816.0714286,81.5,540.0714286,87.5,533.2142857,92.64285714,526.3571429,60.07142857,511.7857143,71.21428571,501.5,85.78571429,494.6428571
16291932191187144773.png,334.3571429,949.7857143,484.3571429,754.3571429,675.5,750.9285714,546.0714286,970.3571429,509.2142857,873.5,433.7857143,840.0714286,778.3571429,1026.071429,698.6428571,1109.214286,546.0714286,1018.357143
16292499984342180654.png,53.21428571,1125.5,156.0714286,944.6428571,316.3571429,886.3571429,264.0714286,1137.5,232.3571429,1029.5,158.6428571,989.2142857,270.9285714,1181.214286,402.9285714,1262.642857,501.5,1176.071429
1629344806528753288.png,402.0714286,1137.5,482.6428571,988.3571429,617.2142857,936.9285714,457.7857143,1134.071429,537.5,994.3571429,646.3571429,1043.214286,672.9285714,1182.928571,742.3571429,1235.214286,838.3571429,1200.928571
16296446300698840059.png,353.2142857,995.2142857,501.5,781.7857143,706.3571429,781.7857143,137.2142857,578.6428571,154.3571429,556.3571429,159.5,546.0714286,99.5,557.2142857,103.7857143,546.0714286,111.5,532.3571429
16300019776033257113.png,349.7857143,1125.5,405.5,967.7857143,567.5,891.5,409.7857143,1127.214286,475.7857143,1038.928571,551.2142857,1056.928571,630.9285714,1143.5,713.2142857,1180.357143,773.2142857,1138.357143
16303179661893660855.png,256.3571429,1056.071429,324.0714286,889.7857143,439.7857143,831.5,490.3571429,1040.642857,466.3571429,964.3571429,358.3571429,911.2142857,459.5,1068.928571,571.7857143,1164.071429,675.5,1107.5
16308571328969447421.png,345.5,1034.642857,454.3571429,881.2142857,631.7857143,859.7857143,109.7857143,608.6428571,108.9285714,588.9285714,108.9285714,575.2142857,66.07142857,566.6428571,79.78571429,544.3571429,84.92857143,524.6428571
16310453985388258471.png,341.2142857,1066.357143,399.5,891.5,576.9285714,817.7857143,78.07142857,618.9285714,90.07142857,602.6428571,100.3571429,582.0714286,68.64285714,566.6428571,77.21428571,553.7857143,95.21428571,538.3571429
16319471058790450121.png,312.9285714,1116.071429,384.0714286,932.6428571,540.9285714,865.7857143,150.0714286,696.0714286,160.3571429,689.2142857,176.6428571,680.6428571,138.0714286,649.7857143,146.6428571,635.2142857,150.9285714,624.9285714
16323354441901992677.png,342.0714286,1067.214286,417.5,876.9285714,575.2142857,818.6428571,378.0714286,1056.071429,462.0714286,967.7857143,540.0714286,1046.642857,600.0714286,1077.5,678.0714286,1117.785714,746.6428571,1055.214286
16324697849735049003.png,295.7857143,1070.642857,359.2142857,905.2142857,534.0714286,836.6428571,158.6428571,624.9285714,162.9285714,620.6428571,174.9285714,611.2142857,128.6428571,573.5,152.6428571,555.5,164.6428571,547.7857143
16324865072182010576.png,239.2142857,988.3571429,365.2142857,794.6428571,504.9285714,763.7857143,442.3571429,996.0714286,407.2142857,872.6428571,341.2142857,830.6428571,415.7857143,1030.357143,506.6428571,1123.785714,630.0714286,1098.071429
16327183332499675388.png,279.5,973.7857143,378.0714286,800.6428571,566.6428571,752.6428571,60.07142857,579.5,95.21428571,560.6428571,120.0714286,547.7857143,78.92857143,534.9285714,102.0714286,521.2142857,114.0714286,517.7857143
16332581377474184210.png,250.3571429,993.5,305.2142857,848.6428571,439.7857143,767.2142857,132.0714286,618.9285714,145.7857143,608.6428571,154.3571429,605.2142857,104.6428571,591.5,115.7857143,582.0714286,126.9285714,576.0714286
16334027484175040278.png,300.0714286,1031.214286,408.0714286,840.0714286,567.5,799.7857143,136.3571429,577.7857143,163.7857143,566.6428571,168.9285714,563.2142857,102.0714286,566.6428571,115.7857143,562.3571429,132.9285714,557.2142857
16335705522216274738.png,287.2142857,987.5,408.9285714,804.0714286,572.6428571,767.2142857,90.92857143,575.2142857,108.9285714,564.9285714,117.5,558.0714286,66.92857143,551.2142857,78.92857143,545.2142857,119.2142857,531.5
16339960511684827723.png,283.7857143,974.6428571,390.9285714,794.6428571,575.2142857,754.3571429,42.92857143,545.2142857,56.64285714,539.2142857,79.78571429,534.9285714,54.07142857,510.9285714,78.92857143,507.5,90.92857143,504.9285714
16345287764814232647.png,127.7857143,1131.5,217.7857143,971.2142857,393.5,925.7857143,119.2142857,603.5,128.6428571,599.2142857,145.7857143,588.0714286,98.64285714,577.7857143,114.9285714,567.5,127.7857143,558.9285714
16353272387246397491.png,344.6428571,920.6428571,439.7857143,765.5,619.7857143,727.7857143,90.92857143,629.2142857,101.2142857,620.6428571,114.0714286,610.3571429,69.5,605.2142857,78.07142857,600.9285714,90.07142857,594.9285714
1635349730452715610.png,347.2142857,1140.071429,428.6428571,942.0714286,590.6428571,892.3571429,171.5,649.7857143,175.7857143,644.6428571,184.3571429,640.3571429,121.7857143,624.9285714,129.5,619.7857143,134.6428571,615.5
16354515799357417303.png,244.3571429,971.2142857,342.9285714,792.9285714,493.7857143,743.2142857,533.2142857,981.5,462.0714286,864.0714286,373.7857143,856.3571429,509.2142857,1033.785714,540.0714286,1102.357143,635.2142857,1147.785714
16354727050659724594.png,312.0714286,1116.071429,381.5,930.9285714,558.0714286,860.6428571,497.2142857,1097.214286,492.0714286,986.6428571,453.5,933.5,510.9285714,1113.5,605.2142857,1161.5,696.9285714,1104.071429
16355068418583679472.png,328.3571429,1145.214286,407.2142857,941.2142857,640.3571429,882.0714286,186.0714286,665.2142857,215.2142857,651.5,219.5,637.7857143,146.6428571,636.0714286,150.9285714,624.9285714,155.2142857,608.6428571
16356740047014632642.png,342.0714286,1093.785714,403.7857143,923.2142857,606.9285714,853.7857143,443.2142857,1079.214286,518.6428571,960.0714286,637.7857143,1026.928571,655.7857143,1090.357143,699.5,1146.071429,772.3571429,1164.928571
16358421737424656237.png,394.3571429,1006.357143,505.7857143,831.5,708.0714286,796.3571429,50.64285714,499.7857143,59.21428571,491.2142857,66.07142857,481.7857143,0.071428571,492.9285714,12.92857143,485.2142857,27.5,475.7857143
16358875189071513545.png,255.5,864.0714286,328.3571429,700.3571429,505.7857143,644.6428571,129.5,566.6428571,137.2142857,563.2142857,142.3571429,558.0714286,78.07142857,554.6428571,92.64285714,548.6428571,100.3571429,541.7857143
16362344826013052961.png,289.7857143,965.2142857,385.7857143,807.5,624.9285714,774.9285714,126.9285714,621.5,144.0714286,616.3571429,159.5,600.0714286,78.92857143,576.0714286,103.7857143,568.3571429,117.5,560.6428571
16363335676759419856.png,297.5,1030.357143,412.3571429,834.9285714,560.6428571,798.9285714,103.7857143,600.9285714,112.3571429,589.7857143,120.0714286,579.5,81.5,597.5,90.07142857,576.9285714,102.9285714,564.0714286
16367632284304034514.png,168.9285714,1080.071429,240.0714286,910.3571429,439.7857143,841.7857143,435.5,1068.071429,368.6428571,996.9285714,252.9285714,1026.928571,451.7857143,1096.357143,483.5,1176.928571,598.3571429,1209.5
16369421655540135665.png,342.9285714,925.7857143,431.2142857,772.3571429,626.6428571,734.6428571,90.07142857,609.5,108.9285714,600.9285714,120.9285714,592.3571429,60.07142857,580.3571429,79.78571429,573.5,88.35714286,568.3571429
16370362715199756332.png,383.2142857,925.7857143,486.0714286,748.3571429,686.6428571,714.0714286,468.9285714,931.7857143,556.3571429,863.2142857,637.7857143,921.5,692.6428571,974.6428571,715.7857143,1054.357143,806.6428571,1096.357143
16379080405701538923.png,398.6428571,961.7857143,539.2142857,786.9285714,701.2142857,771.5,52.35714286,486.0714286,75.5,475.7857143,90.07142857,470.6428571,48.92857143,515.2142857,67.78571429,508.3571429,72.92857143,498.0714286
16382065269720345238.png,315.5,983.2142857,373.7857143,828.0714286,630.9285714,756.0714286,354.9285714,975.5,451.7857143,899.2142857,550.3571429,973.7857143,576.9285714,1025.214286,653.2142857,1130.642857,774.0714286,1055.214286
16382994857432716643.png,283.7857143,973.7857143,386.6428571,798.0714286,584.6428571,756.9285714,72.07142857,540.9285714,87.5,536.6428571,96.07142857,531.5,33.5,518.6428571,41.21428571,513.5,67.78571429,499.7857143
16388498164371196784.png,285.5,1106.642857,356.6428571,942.9285714,508.3571429,880.3571429,133.7857143,672.0714286,139.7857143,663.5,143.2142857,657.5,81.5,621.5,102.0714286,613.7857143,113.2142857,606.9285714
16390327914683444821.png,244.3571429,982.3571429,325.7857143,820.3571429,516.0714286,756.0714286,147.5,627.5,156.9285714,624.9285714,173.2142857,612.0714286,105.5,600.0714286,120.9285714,594.9285714,150.0714286,582.9285714
1639204805782764584.png,302.6428571,1051.785714,389.2142857,906.0714286,571.7857143,852.0714286,358.3571429,1051.785714,465.5,931.7857143,576.9285714,945.5,564.9285714,1098.928571,591.5,1207.785714,667.7857143,1272.071429
16392332477480561574.png,355.7857143,990.9285714,490.3571429,790.3571429,707.2142857,787.7857143,133.7857143,616.3571429,139.7857143,605.2142857,153.5,591.5,85.78571429,582.0714286,107.2142857,572.6428571,119.2142857,570.9285714
16392782234798923657.png,296.6428571,1044.071429,414.0714286,816.0714286,737.2142857,715.7857143,90.92857143,570.9285714,99.5,563.2142857,120.9285714,552.0714286,72.07142857,543.5,84.92857143,536.6428571,108.9285714,528.9285714
16395703158214159478.png,373.7857143,952.3571429,490.3571429,774.9285714,666.0714286,755.2142857,455.2142857,953.2142857,522.9285714,853.7857143,618.9285714,870.0714286,795.5,1081.785714,691.7857143,1051.785714,666.0714286,997.7857143
16395773558601656415.png,398.6428571,1125.5,468.0714286,981.5,628.3571429,919.7857143,468.0714286,1129.785714,582.9285714,1039.785714,685.7857143,1149.5,675.5,1182.071429,721.7857143,1272.928571,799.7857143,1291.785714
16397693850666694011.png,317.2142857,959.2142857,436.3571429,774.9285714,633.5,752.6428571,522.9285714,947.2142857,462.9285714,877.7857143,372.0714286,889.7857143,136.3571429,635.2142857,154.3571429,623.2142857,170.6428571,612.0714286
16399731883331567403.png,312.0714286,978.9285714,388.3571429,817.7857143,593.2142857,750.0714286,395.2142857,988.3571429,482.6428571,922.3571429,577.7857143,996.0714286,622.3571429,1027.785714,672.0714286,1126.357143,768.9285714,1120.357143
16400888617807518527.png,256.3571429,887.2142857,343.7857143,725.2142857,529.7857143,684.0714286,114.9285714,522.0714286,143.2142857,515.2142857,162.9285714,510.9285714,80.64285714,489.5,106.3571429,493.7857143,132.9285714,486.9285714
16401146351909154782.png,421.7857143,1169.214286,487.7857143,989.2142857,664.3571429,922.3571429,215.2142857,680.6428571,228.0714286,672.9285714,236.6428571,662.6428571,171.5,652.3571429,179.2142857,646.3571429,183.5,642.0714286
16406430833345548952.png,290.6428571,991.7857143,397.7857143,805.7857143,558.0714286,762.0714286,482.6428571,1002.928571,432.9285714,892.3571429,364.3571429,858.0714286,442.3571429,1026.928571,556.3571429,1151.214286,696.9285714,1064.642857
16410253280856202957.png,313.7857143,1046.642857,387.5,886.3571429,527.2142857,820.3571429,39.5,490.3571429,46.35714286,482.6428571,58.35714286,471.5,15.5,483.5,13.78571429,475.7857143,17.21428571,467.2142857
16413509239406357899.png,396.9285714,1103.214286,512.6428571,932.6428571,630.0714286,902.6428571,437.2142857,1106.642857,492.9285714,1050.928571,531.5,1071.5,762.0714286,1170.928571,731.2142857,1189.785714,666.9285714,1163.214286
16415669931283330905.png,271.7857143,1015.785714,390.9285714,816.9285714,531.5,774.9285714,101.2142857,570.0714286,113.2142857,563.2142857,116.6428571,552.0714286,45.5,544.3571429,47.21428571,536.6428571,52.35714286,519.5
16418572330702272841.png,313.7857143,984.0714286,403.7857143,813.5,552.9285714,756.0714286,102.9285714,557.2142857,103.7857143,547.7857143,106.3571429,536.6428571,83.21428571,568.3571429,77.21428571,561.5,72.07142857,548.6428571
16420285548394511160.png,344.6428571,1067.214286,389.2142857,964.3571429,492.9285714,894.0714286,156.9285714,597.5,156.9285714,585.5,155.2142857,576.0714286,139.7857143,569.2142857,137.2142857,559.7857143,135.5,548.6428571
16420984608280525681.png,231.5,925.7857143,324.9285714,751.7857143,404.6428571,711.5,475.7857143,950.6428571,441.5,862.3571429,344.6428571,846.0714286,519.5,990.0714286,570.9285714,1052.642857,658.3571429,1045.785714
16423770773300256103.png,348.0714286,1161.5,382.3571429,1003.785714,480.0714286,924.9285714,366.9285714,1128.928571,423.5,999.5,559.7857143,998.6428571,591.5,1152.928571,685.7857143,1216.357143,773.2142857,1198.357143
16432329363000231769.png,407.2142857,979.7857143,516.9285714,812.6428571,665.2142857,773.2142857,508.3571429,991.7857143,505.7857143,924.9285714,474.0714286,867.5,727.7857143,1041.5,678.9285714,1098.928571,587.2142857,1113.5
16436026575584770119.png,306.9285714,967.7857143,391.7857143,799.7857143,590.6428571,738.9285714,549.5,977.2142857,473.2142857,910.3571429,376.3571429,936.0714286,570.0714286,1015.785714,589.7857143,1127.214286,697.7857143,1168.357143
16436309210850380841.png,352.3571429,1108.357143,418.3571429,957.5,541.7857143,894.0714286,398.6428571,1104.071429,410.6428571,1038.928571,462.9285714,982.3571429,214.3571429,791.2142857,213.5,768.0714286,216.0714286,747.5
16436338758442584635.png,351.5,1016.642857,423.5,871.7857143,510.0714286,822.9285714,544.3571429,1030.357143,494.6428571,985.7857143,438.0714286,1016.642857,634.3571429,1067.214286,652.3571429,1116.071429,730.3571429,1127.214286
16437804559908885024.png,280.3571429,966.9285714,385.7857143,793.7857143,537.5,750.0714286,37.78571429,519.5,59.21428571,515.2142857,66.92857143,512.6428571,35.21428571,539.2142857,47.21428571,536.6428571,60.92857143,535.7857143
16438620250849005534.png,296.6428571,1061.214286,378.0714286,887.2142857,535.7857143,838.3571429,195.5,651.5,196.3571429,639.5,197.2142857,630.9285714,161.2142857,635.2142857,144.9285714,654.9285714,126.9285714,645.5
16439687871433482263.png,348.0714286,1040.642857,442.3571429,856.3571429,598.3571429,801.5,42.92857143,483.5,61.78571429,480.0714286,72.07142857,478.3571429,31.78571429,502.3571429,43.78571429,503.2142857,53.21428571,503.2142857
16440209938623065116.png,229.7857143,918.9285714,340.3571429,730.3571429,459.5,689.2142857,276.9285714,914.6428571,384.0714286,828.9285714,470.6428571,915.5,514.3571429,985.7857143,606.0714286,1055.214286,686.6428571,1006.357143
16440295197588843687.png,369.5,967.7857143,460.3571429,822.9285714,603.5,771.5,536.6428571,1015.785714,478.3571429,954.0714286,411.5,960.0714286,585.5,1058.642857,648.9285714,1162.357143,749.2142857,1126.357143
16443596694965456921.png,245.2142857,1045.785714,285.5,926.6428571,378.9285714,852.0714286,167.2142857,695.2142857,167.2142857,674.6428571,168.9285714,666.0714286,139.7857143,659.2142857,134.6428571,647.2142857,134.6428571,632.6428571
16444122036810108910.png,357.5,1041.5,408.0714286,901.7857143,536.6428571,820.3571429,50.64285714,471.5,80.64285714,471.5,94.35714286,471.5,35.21428571,493.7857143,49.78571429,496.3571429,64.35714286,500.6428571
16445066175265591947.png,268.3571429,1013.214286,340.3571429,854.6428571,514.3571429,795.5,145.7857143,708.9285714,144.0714286,699.5,147.5,687.5,624.0714286,1061.214286,612.0714286,1156.357143,672.9285714,1208.642857
16447146910360490425.png,311.2142857,986.6428571,401.2142857,812.6428571,571.7857143,756.9285714,111.5,569.2142857,117.5,561.5,124.3571429,550.3571429,82.35714286,554.6428571,84.92857143,543.5,87.5,537.5
16451344231451408779.png,186.0714286,1046.642857,239.2142857,919.7857143,314.6428571,847.7857143,55.78571429,558.0714286,51.5,551.2142857,55.78571429,538.3571429,84.07142857,538.3571429,88.35714286,525.5,89.21428571,514.3571429
16451396808388620035.png,318.9285714,980.6428571,387.5,828.9285714,558.9285714,757.7857143,526.3571429,1000.357143,463.7857143,916.3571429,364.3571429,924.9285714,534.0714286,1038.928571,567.5,1141.785714,714.9285714,1151.214286
16452907409021453524.png,277.7857143,1141.785714,335.2142857,974.6428571,415.7857143,918.0714286,332.6428571,1135.785714,434.6428571,1043.214286,549.5,1116.071429,551.2142857,1176.928571,596.6428571,1254.071429,683.2142857,1279.785714
16454062549593988713.png,405.5,967.7857143,544.3571429,790.3571429,662.6428571,763.7857143,641.2142857,1007.214286,588.9285714,864.9285714,532.3571429,845.2142857,654.0714286,1064.642857,755.2142857,1140.928571,858.0714286,1093.785714
1645798056728792670.png,224.6428571,1035.5,306.0714286,870.0714286,456.9285714,756.9285714,54.07142857,548.6428571,64.35714286,533.2142857,70.35714286,518.6428571,77.21428571,548.6428571,85.78571429,540.9285714,90.07142857,531.5
16458193185618463466.png,761.2142857,1120.357143,719.2142857,1235.214286,659.2142857,1292.642857,534.0714286,1079.214286,488.6428571,993.5,403.7857143,979.7857143,563.2142857,1138.357143,654.9285714,1167.5,724.3571429,1112.642857
16464149315538679429.png,351.5,1013.214286,402.0714286,872.6428571,540.0714286,786.9285714,595.7857143,1014.928571,541.7857143,951.5,420.9285714,977.2142857,622.3571429,1077.5,690.0714286,1160.642857,798.0714286,1128.928571
16473540319595163093.png,396.0714286,1002.928571,474.0714286,854.6428571,675.5,792.0714286,39.5,487.7857143,45.5,473.2142857,57.5,473.2142857,24.92857143,496.3571429,24.92857143,509.2142857,19.78571429,519.5
16476342240365253428.png,346.3571429,951.5,431.2142857,791.2142857,599.2142857,734.6428571,14.64285714,478.3571429,20.64285714,471.5,24.92857143,463.7857143,28.35714286,494.6428571,47.21428571,486.0714286,52.35714286,473.2142857
16480203716238491260.png,325.7857143,976.3571429,391.7857143,817.7857143,569.2142857,745.7857143,166.3571429,600.9285714,170.6428571,584.6428571,174.0714286,576.0714286,120.0714286,590.6428571,118.3571429,577.7857143,126.0714286,561.5
1648219346697189189.png,393.5,1031.214286,474.0714286,843.5,654.0714286,783.5,462.9285714,1026.071429,577.7857143,916.3571429,695.2142857,978.9285714,691.7857143,1052.642857,718.3571429,1148.642857,763.7857143,1195.785714
1648227691996877499.png,291.5,1002.071429,410.6428571,797.2142857,576.9285714,765.5,417.5,1002.928571,402.0714286,907.7857143,359.2142857,856.3571429,498.0714286,1104.071429,582.0714286,1080.071429,630.9285714,1020.928571
16484919949348292289.png,406.3571429,938.6428571,473.2142857,778.3571429,630.9285714,707.2142857,62.64285714,533.2142857,75.5,524.6428571,80.64285714,511.7857143,58.35714286,508.3571429,60.92857143,498.0714286,66.92857143,484.3571429
16495667395720917876.png,248.6428571,1022.642857,366.0714286,835.7857143,517.7857143,799.7857143,110.6428571,512.6428571,117.5,506.6428571,130.3571429,498.9285714,82.35714286,505.7857143,87.5,495.5,77.21428571,480.9285714
16497580124522981764.png,244.3571429,1134.071429,347.2142857,968.6428571,469.7857143,919.7857143,483.5,1152.928571,426.0714286,1092.071429,300.0714286,1122.928571,501.5,1201.785714,541.7857143,1308.928571,630.9285714,1332.071429
16502487452007519052.png,439.7857143,1026.071429,516.9285714,852.0714286,684.0714286,786.9285714,62.64285714,498.9285714,78.92857143,497.2142857,98.64285714,489.5,24.92857143,489.5,34.35714286,484.3571429,48.92857143,479.2142857
16506670336166561389.png,397.7857143,1128.071429,479.2142857,975.5,558.9285714,935.2142857,468.9285714,1129.785714,574.3571429,1029.5,684.9285714,1103.214286,677.2142857,1179.5,701.2142857,1244.642857,798.9285714,1287.5
16507041706968881540.png,411.5,1170.071429,462.0714286,1000.357143,617.2142857,912.0714286,204.9285714,644.6428571,206.6428571,630.0714286,207.5,620.6428571,156.9285714,612.0714286,163.7857143,596.6428571,167.2142857,584.6428571
16510992572441246792.png,264.9285714,990.0714286,338.6428571,829.7857143,500.6428571,762.9285714,42.92857143,528.9285714,53.21428571,514.3571429,59.21428571,503.2142857,74.64285714,541.7857143,77.21428571,525.5,89.21428571,510.0714286
16511653224328112793.png,325.7857143,1104.928571,428.6428571,930.0714286,551.2142857,888.9285714,48.07142857,587.2142857,54.07142857,574.3571429,64.35714286,559.7857143,53.21428571,529.7857143,63.5,519.5,74.64285714,506.6428571
16513157636704226754.png,306.0714286,967.7857143,384.9285714,804.0714286,548.6428571,737.2142857,355.7857143,968.6428571,436.3571429,907.7857143,540.9285714,969.5,570.9285714,1012.357143,604.3571429,1129.785714,758.6428571,1120.357143
16518030291504596638.png,303.5,1097.214286,415.7857143,908.6428571,573.5,866.6428571,542.6428571,1113.5,510.0714286,1008.071429,454.3571429,960.0714286,497.2142857,1161.5,576.0714286,1265.214286,719.2142857,1245.5
16520783219601783986.png,295.7857143,1046.642857,432.9285714,798.9285714,558.9285714,731.2142857,63.5,598.3571429,69.5,588.0714286,80.64285714,579.5,54.92857143,557.2142857,62.64285714,547.7857143,69.5,537.5
16528491250969366118.png,297.5,989.2142857,423.5,798.9285714,600.9285714,769.7857143,101.2142857,584.6428571,107.2142857,575.2142857,112.3571429,564.9285714,72.92857143,580.3571429,77.21428571,563.2142857,84.92857143,545.2142857
16529235968067794068.png,337.7857143,888.0714286,474.0714286,684.9285714,656.6428571,669.5,533.2142857,900.9285714,462.0714286,810.9285714,367.7857143,810.9285714,522.0714286,942.9285714,607.7857143,1079.214286,763.7857143,987.5
16531407291105467354.png,256.3571429,1038.071429,320.6428571,889.7857143,410.6428571,835.7857143,492.0714286,1037.214286,450.0714286,943.7857143,354.9285714,913.7857143,462.9285714,1068.928571,564.0714286,1164.071429,655.7857143,1134.071429
16533729534087807311.png,312.0714286,1043.214286,415.7857143,864.0714286,582.9285714,818.6428571,25.78571429,463.7857143,48.92857143,463.7857143,62.64285714,464.6428571,20.64285714,487.7857143,30.07142857,488.6428571,40.35714286,486.9285714
1653871248040902615.png,294.0714286,1212.071429,328.3571429,1044.928571,451.7857143,949.7857143,74.64285714,595.7857143,75.5,579.5,76.35714286,561.5,39.5,521.2142857,48.07142857,504.9285714,57.5,494.6428571
1654017607420571506.png,439.7857143,1023.5,536.6428571,832.3571429,705.5,786.0714286,21.5,520.3571429,36.07142857,512.6428571,64.35714286,505.7857143,42.92857143,564.0714286,54.07142857,555.5,63.5,542.6428571
102949917921043194.png,329.2142857,956.6428571,421.7857143,797.2142857,570.0714286,749.2142857,134.6428571,615.5,122.6428571,603.5,124.3571429,594.0714286,116.6428571,582.0714286,116.6428571,573.5,115.7857143,564.0714286
106729915796683568.png,306.9285714,973.7857143,407.2142857,793.7857143,556.3571429,745.7857143,132.0714286,595.7857143,132.0714286,588.0714286,132.0714286,570.9285714,744.0714286,1021.785714,702.0714286,1112.642857,629.2142857,1073.214286
110502917394933545.png,403.7857143,1146.071429,516.0714286,966.0714286,633.5,936.9285714,577.7857143,1148.642857,555.5,1061.214286,497.2142857,1028.642857,586.3571429,1188.928571,666.9285714,1260.928571,763.7857143,1218.928571
11593948572088714.png,282.9285714,969.5,383.2142857,799.7857143,521.2142857,750.9285714,150.0714286,630.9285714,156.0714286,620.6428571,158.6428571,612.9285714,147.5,597.5,147.5,591.5,147.5,590.6428571
118867572537671669.png,277.7857143,979.7857143,348.0714286,824.6428571,497.2142857,753.5,202.3571429,682.3571429,203.2142857,666.9285714,204.0714286,660.0714286,96.92857143,629.2142857,102.0714286,618.9285714,105.5,607.7857143
122028137517245244.png,348.9285714,1020.071429,432.9285714,844.3571429,572.6428571,779.2142857,97.78571429,641.2142857,101.2142857,633.5,103.7857143,623.2142857,60.07142857,631.7857143,66.07142857,616.3571429,70.35714286,607.7857143
123965116246232933.png,396.9285714,971.2142857,491.2142857,813.5,621.5,764.6428571,24.07142857,534.9285714,25.78571429,529.7857143,30.07142857,518.6428571,16.35714286,505.7857143,16.35714286,486.9285714,21.5,473.2142857
126521380660316647.png,355.7857143,1074.071429,479.2142857,894.0714286,597.5,859.7857143,479.2142857,1086.928571,473.2142857,1002.071429,426.9285714,950.6428571,496.3571429,1108.357143,576.0714286,1185.5,685.7857143,1143.5
128326707599780816.png,342.9285714,1195.785714,393.5,1037.214286,498.9285714,963.5,66.07142857,663.5,72.07142857,649.7857143,74.64285714,639.5,48.07142857,623.2142857,52.35714286,612.9285714,54.07142857,604.3571429
128871146582823607.png,262.3571429,1182.928571,292.3571429,1054.357143,370.3571429,978.0714286,186.9285714,738.9285714,192.0714286,726.0714286,192.0714286,709.7857143,160.3571429,708.0714286,152.6428571,678.9285714,153.5,655.7857143
131027791700739717.png,312.9285714,1122.928571,370.3571429,977.2142857,464.6428571,913.7857143,576.9285714,1128.071429,537.5,1030.357143,483.5,1000.357143,555.5,1198.357143,617.2142857,1260.928571,707.2142857,1272.071429
1336724145994727.png,312.0714286,984.0714286,381.5,834.0714286,482.6428571,771.5,83.21428571,642.0714286,85.78571429,630.9285714,89.21428571,616.3571429,75.5,613.7857143,76.35714286,606.0714286,80.64285714,593.2142857
145104344155100148.png,755.2142857,1152.928571,690.9285714,1254.071429,593.2142857,1310.642857,78.92857143,661.7857143,84.92857143,623.2142857,90.92857143,591.5,66.92857143,578.6428571,68.64285714,564.9285714,70.35714286,547.7857143
14932051557859214.png,282.9285714,974.6428571,341.2142857,832.3571429,448.3571429,767.2142857,188.6428571,663.5,198.9285714,654.9285714,198.9285714,640.3571429,130.3571429,612.9285714,132.9285714,605.2142857,136.3571429,592.3571429
153810911649838791.png,317.2142857,1119.5,394.3571429,979.7857143,518.6428571,918.9285714,60.92857143,576.0714286,60.92857143,570.0714286,43.78571429,556.3571429,31.78571429,570.9285714,31.78571429,582.0714286,31.78571429,594.0714286
155460417794642578.png,331.7857143,873.5,383.2142857,739.7857143,482.6428571,674.6428571,216.0714286,633.5,216.0714286,618.0714286,214.3571429,605.2142857,168.0714286,601.7857143,165.5,578.6428571,164.6428571,570.0714286
156743607589828262.png,334.3571429,1005.5,447.5,808.3571429,660.9285714,777.5,403.7857143,868.3571429,466.3571429,934.3571429,475.7857143,1001.214286,506.6428571,1020.071429,591.5,1079.214286,691.7857143,1020.071429
159392611679415272.png,354.9285714,999.5,417.5,843.5,561.5,767.2142857,20.64285714,504.9285714,25.78571429,492.9285714,32.64285714,480.9285714,23.21428571,478.3571429,26.64285714,469.7857143,33.5,462.9285714
165134017294055759.png,762.9285714,1004.642857,701.2142857,1159.785714,614.6428571,1224.071429,519.5,972.9285714,490.3571429,901.7857143,444.9285714,864.9285714,487.7857143,1014.928571,535.7857143,1120.357143,643.7857143,1156.357143
167099161560800063.png,340.3571429,1145.214286,375.5,995.2142857,453.5,918.0714286,195.5,704.6428571,196.3571429,701.2142857,197.2142857,687.5,148.3571429,696.0714286,147.5,686.6428571,148.3571429,672.0714286
167399669556034766.png,186.9285714,1038.071429,243.5,903.5,318.0714286,834.9285714,258.0714286,1033.785714,321.5,978.9285714,409.7857143,993.5,468.9285714,1080.071429,511.7857143,1198.357143,639.5,1205.214286
1680578526061136.png,247.7857143,1140.928571,303.5,1009.785714,454.3571429,925.7857143,78.07142857,687.5,85.78571429,673.7857143,90.07142857,656.6428571,66.92857143,654.9285714,72.07142857,640.3571429,75.5,629.2142857
172207908336916411.png,307.7857143,913.7857143,362.6428571,778.3571429,478.3571429,703.7857143,81.5,550.3571429,81.5,533.2142857,82.35714286,521.2142857,48.07142857,518.6428571,46.35714286,526.3571429,46.35714286,534.9285714
172223393657480693.png,282.9285714,894.0714286,362.6428571,741.5,504.0714286,677.2142857,59.21428571,522.0714286,60.92857143,540.9285714,61.78571429,569.2142857,78.07142857,524.6428571,85.78571429,542.6428571,84.92857143,558.0714286
17492598853219302.png,342.0714286,1075.785714,385.7857143,917.2142857,467.2142857,852.9285714,533.2142857,1061.214286,499.7857143,986.6428571,416.6428571,958.3571429,547.7857143,1086.928571,626.6428571,1158.071429,734.6428571,1080.071429
180794764757666072.png,375.5,857.2142857,434.6428571,729.5,530.6428571,673.7857143,115.7857143,570.9285714,114.9285714,577.7857143,114.9285714,589.7857143,100.3571429,583.7857143,95.21428571,570.0714286,94.35714286,558.0714286
18162287964704565.png,246.9285714,986.6428571,356.6428571,822.9285714,479.2142857,780.9285714,509.2142857,1014.928571,486.0714286,942.0714286,387.5,895.7857143,500.6428571,1035.5,550.3571429,1143.5,672.9285714,1153.785714
24400754184165568.png,370.3571429,1145.214286,402.0714286,1009.785714,502.3571429,925.7857143,24.07142857,682.3571429,43.78571429,644.6428571,55.78571429,622.3571429,59.21428571,600.9285714,61.78571429,593.2142857,63.5,582.0714286
31393527259249447.png,52.35714286,1130.642857,170.6428571,931.7857143,298.3571429,888.0714286,280.3571429,1138.357143,242.6428571,1030.357143,162.0714286,988.3571429,279.5,1190.642857,378.0714286,1264.357143,499.7857143,1194.071429
41962783635685917.png,297.5,1116.928571,394.3571429,975.5,523.7857143,927.5,60.07142857,588.0714286,65.21428571,564.0714286,67.78571429,549.5,46.35714286,546.9285714,48.07142857,534.9285714,48.92857143,527.2142857
44730137019498420.png,273.5,1008.071429,343.7857143,857.2142857,461.2142857,780.9285714,432.0714286,1025.214286,366.0714286,977.2142857,300.9285714,978.9285714,485.2142857,1042.357143,495.5,1154.642857,667.7857143,1165.785714
47051425452631312.png,185.2142857,1036.357143,278.6428571,862.3571429,418.3571429,799.7857143,264.9285714,1032.071429,357.5,973.7857143,456.9285714,1045.785714,474.9285714,1084.357143,504.0714286,1186.357143,610.3571429,1221.5
56447928840230000.png,350.6428571,942.9285714,444.0714286,833.2142857,546.9285714,799.7857143,534.0714286,1004.642857,501.5,930.0714286,420.9285714,908.6428571,558.0714286,1032.071429,635.2142857,1106.642857,728.6428571,1068.071429
57049631825029185.png,295.7857143,954.9285714,394.3571429,804.0714286,540.0714286,757.7857143,517.7857143,996.0714286,523.7857143,915.5,480.0714286,841.7857143,552.0714286,1037.214286,622.3571429,1098.928571,714.9285714,1070.642857
57544231381990903.png,444.9285714,924.9285714,525.5,818.6428571,671.2142857,775.7857143,104.6428571,583.7857143,114.9285714,570.9285714,120.9285714,555.5,94.35714286,558.0714286,97.78571429,545.2142857,99.5,529.7857143
60284464196088542.png,347.2142857,1032.928571,437.2142857,891.5,578.6428571,849.5,102.9285714,588.0714286,107.2142857,573.5,114.0714286,558.0714286,90.92857143,556.3571429,90.92857143,541.7857143,97.78571429,522.0714286
60686157250728799.png,244.3571429,982.3571429,314.6428571,830.6428571,478.3571429,757.7857143,102.9285714,639.5,108.0714286,630.9285714,109.7857143,619.7857143,83.21428571,624.9285714,84.07142857,610.3571429,85.78571429,599.2142857
64191350623713053.png,363.5,1014.071429,424.3571429,865.7857143,551.2142857,790.3571429,65.21428571,655.7857143,67.78571429,636.0714286,46.35714286,623.2142857,56.64285714,603.5,57.5,594.9285714,57.5,583.7857143
65576518038892172.png,261.5,1002.071429,330.0714286,858.9285714,467.2142857,792.0714286,90.07142857,629.2142857,95.21428571,618.0714286,100.3571429,606.0714286,69.5,601.7857143,70.35714286,586.3571429,72.92857143,573.5
67448199143068934.png,408.9285714,983.2142857,447.5,874.3571429,642.0714286,774.0714286,509.2142857,992.6428571,520.3571429,906.9285714,490.3571429,842.6428571,726.9285714,1036.357143,642.9285714,1092.071429,537.5,1050.928571
69960003698423958.png,403.7857143,949.7857143,462.0714286,792.9285714,614.6428571,715.7857143,666.0714286,960.9285714,604.3571429,891.5,493.7857143,874.3571429,38.64285714,475.7857143,35.21428571,489.5,32.64285714,499.7857143
7335441938791122.png,332.6428571,1037.214286,409.7857143,892.3571429,501.5,840.9285714,635.2142857,1065.5,571.7857143,984.9285714,476.6428571,1002.928571,642.0714286,1100.642857,663.5,1166.642857,731.2142857,1212.071429
75451797929542143.png,360.0714286,1191.5,403.7857143,1050.071429,480.0714286,983.2142857,174.9285714,633.5,176.6428571,616.3571429,175.7857143,602.6428571,130.3571429,606.0714286,130.3571429,581.2142857,134.6428571,558.9285714
78869680857220400.png,300.9285714,999.5,384.0714286,832.3571429,494.6428571,775.7857143,66.92857143,600.0714286,72.07142857,591.5,82.35714286,576.9285714,52.35714286,577.7857143,52.35714286,567.5,54.92857143,556.3571429
87001993983506326.png,395.2142857,1034.642857,475.7857143,864.0714286,634.3571429,801.5,630.9285714,1048.357143,534.9285714,996.9285714,458.6428571,1033.785714,669.5,1076.642857,660.9285714,1142.642857,684.0714286,1200.928571
87697336005505447.png,239.2142857,1047.5,281.2142857,920.6428571,377.2142857,847.7857143,135.5,628.3571429,140.6428571,618.0714286,144.0714286,606.0714286,104.6428571,609.5,104.6428571,596.6428571,103.7857143,583.7857143
93675531325860116.png,335.2142857,1038.928571,420.0714286,858.0714286,570.9285714,792.9285714,138.0714286,594.0714286,155.2142857,584.6428571,119.2142857,580.3571429,93.5,554.6428571,101.2142857,547.7857143,127.7857143,534.0714286
93712894015736029.png,439.7857143,1024.357143,534.9285714,834.9285714,704.6428571,786.9285714,44.64285714,514.3571429,71.21428571,498.9285714,90.92857143,487.7857143,71.21428571,536.6428571,77.21428571,533.2142857,102.9285714,523.7857143
94290558607790084.png,339.5,1034.642857,437.2142857,845.2142857,590.6428571,791.2142857,62.64285714,489.5,73.78571429,493.7857143,99.5,492.9285714,71.21428571,522.0714286,87.5,523.7857143,102.0714286,527.2142857
97173019776450238.png,383.2142857,925.7857143,490.3571429,737.2142857,666.0714286,702.9285714,636.0714286,942.9285714,552.0714286,861.5,455.2142857,923.2142857,678.0714286,978.0714286,730.3571429,1077.5,840.9285714,1062.071429
